<?xml version="1.0" encoding="utf-8"?>
<databaseChangeLog
    xmlns="http://www.liquibase.org/xml/ns/dbchangelog"
    xmlns:ext="http://www.liquibase.org/xml/ns/dbchangelog-ext"
    xmlns:xsi="http://www.w3.org/2001/XMLSchema-instance"
    xsi:schemaLocation="http://www.liquibase.org/xml/ns/dbchangelog http://www.liquibase.org/xml/ns/dbchangelog/dbchangelog-3.9.xsd
                        http://www.liquibase.org/xml/ns/dbchangelog-ext http://www.liquibase.org/xml/ns/dbchangelog/dbchangelog-ext.xsd">

        <property name="autoIncrement" value="true"/>

    <!--
        Added the entity Inventory.
    -->
    <changeSet id="20201215204707-1" author="jhipster">
        <createTable tableName="inventory">
            <column name="id" type="bigint" autoIncrement="${autoIncrement}">
                <constraints primaryKey="true" nullable="false"/>
            </column>
            <column name="inventory_id" type="bigint">
                <constraints nullable="true" />
            </column>
            <column name="quantities_in_hand" type="double">
                <constraints nullable="true" />
            </column>
            <column name="quantities_in_transit" type="double">
                <constraints nullable="true" />
            </column>
            <column name="uom" type="varchar(255)">
                <constraints nullable="true" />
            </column>
            <column name="actual_daily_consumption" type="double">
                <constraints nullable="true" />
            </column>
            <column name="actual_avg_consumption" type="double">
                <constraints nullable="true" />
            </column>
            <column name="re_order_level" type="varchar(255)">
                <constraints nullable="true" />
            </column>
            <column name="suggested_quantity" type="double">
                <constraints nullable="true" />
            </column>
            <column name="expected_covering_day" type="double">
                <constraints nullable="true" />
            </column>
            <column name="last_updated_at" type="date">
                <constraints nullable="true" />
            </column>
            <column name="status" type="varchar(255)">
                <constraints nullable="true" />
            </column>
            <column name="outlet_id" type="bigint">
                <constraints nullable="true" />
            </column>
            <column name="product_id" type="bigint">
                <constraints nullable="true" />
            </column>
            <!-- jhipster-needle-liquibase-add-column - JHipster will add columns here -->
        </createTable>
    </changeSet>

    <changeSet id="20201215204707-1-relations" author="jhipster">

    </changeSet>
    <!-- jhipster-needle-liquibase-add-changeset - JHipster will add changesets here -->

    <!--
        Load sample data generated with Faker.js
        - This data can be easily edited using a CSV editor (or even MS Excel) and
          is located in the 'src/main/resources/config/liquibase/fake-data' directory
        - By default this data is applied when running with the JHipster 'dev' profile.
          This can be customized by adding or removing 'faker' in the 'spring.liquibase.contexts'
          Spring Boot configuration key.
    -->
    <changeSet id="20201215204707-1-data" author="jhipster" context="faker">
        <loadData
                  file="config/liquibase/fake-data/inventory.csv"
                  separator=";"
                  tableName="inventory">
            <column name="id" type="numeric"/>
            <column name="inventory_id" type="numeric"/>
            <column name="quantities_in_hand" type="numeric"/>
            <column name="quantities_in_transit" type="numeric"/>
            <column name="uom" type="string"/>
            <column name="actual_daily_consumption" type="numeric"/>
            <column name="actual_avg_consumption" type="numeric"/>
            <column name="re_order_level" type="string"/>
            <column name="suggested_quantity" type="numeric"/>
            <column name="expected_covering_day" type="numeric"/>
            <column name="last_updated_at" type="date"/>
            <column name="status" type="string"/>
            <!-- jhipster-needle-liquibase-add-loadcolumn - JHipster (and/or extensions) can add load columns here -->
        </loadData>
    </changeSet>

</databaseChangeLog>
